name,cycles,insts,cacherefs
keccakRound_translated/keccakRound_MACROPARAMS-rdi_rsp_0x0_0__SPLITPARAMS-3_1_12_1.s,118.0,212.0,58.0
keccakRound_translated/keccakRound_MACROPARAMS-rdi_rsp_0x0_0__SPLITPARAMS-3_1_6_1.s,138.0,212.0,58.0
keccakRound_translated/keccakRound_MACROPARAMS-rdi_rsp_0x0_0__SPLITPARAMS-3_1_6_2.s,125.0,212.0,58.0
keccakRound_translated/keccakRound_MACROPARAMS-rdi_rsp_0x0_0__SPLITPARAMS-4_1_16_1.s,113.0,212.0,58.0
keccakRound_translated/keccakRound_MACROPARAMS-rdi_rsp_0x0_0__SPLITPARAMS-4_1_8_1.s,124.0,212.0,58.0
keccakRound_translated/keccakRound_MACROPARAMS-rdi_rsp_0x0_0__SPLITPARAMS-4_1_8_2.s,120.0,212.0,58.0
keccakRound_translated/keccakRound_MACROPARAMS-rdi_rsp_0x0_0__SPLITPARAMS-5_1_10_1.s,111.0,212.0,58.0
keccakRound_translated/keccakRound_MACROPARAMS-rdi_rsp_0x0_0__SPLITPARAMS-5_1_10_2.s,118.0,212.0,58.0
keccakRound_translated/keccakRound_MACROPARAMS-rdi_rsp_0x0_0__SPLITPARAMS-5_1_10_3.s,118.0,212.0,58.0
keccakRound_translated/keccakRound_MACROPARAMS-rdi_rsp_0x0_0__SPLITPARAMS-6_1_12_1.s,112.0,212.0,58.0
keccakRound_translated/keccakRound_MACROPARAMS-rdi_rsp_0x0_0__SPLITPARAMS-6_1_12_2.s,112.0,212.0,58.0
keccakRound_translated/keccakRound_MACROPARAMS-rdi_rsp_0x0_0__SPLITPARAMS-6_1_12_3.s,119.0,212.0,58.0
keccakRound_translated/keccakRound_MACROPARAMS-rdi_rsp_0x0_1__SPLITPARAMS-3_1_12_1.s,121.0,199.0,58.0
keccakRound_translated/keccakRound_MACROPARAMS-rdi_rsp_0x0_1__SPLITPARAMS-3_1_6_1.s,110.0,199.0,58.0
keccakRound_translated/keccakRound_MACROPARAMS-rdi_rsp_0x0_1__SPLITPARAMS-3_1_6_2.s,120.0,199.0,58.0
keccakRound_translated/keccakRound_MACROPARAMS-rdi_rsp_0x0_1__SPLITPARAMS-4_1_16_1.s,131.0,199.0,58.0
keccakRound_translated/keccakRound_MACROPARAMS-rdi_rsp_0x0_1__SPLITPARAMS-4_1_8_1.s,108.0,199.0,58.0
keccakRound_translated/keccakRound_MACROPARAMS-rdi_rsp_0x0_1__SPLITPARAMS-4_1_8_2.s,109.0,199.0,58.0
keccakRound_translated/keccakRound_MACROPARAMS-rdi_rsp_0x0_1__SPLITPARAMS-5_1_10_1.s,107.0,199.0,58.0
keccakRound_translated/keccakRound_MACROPARAMS-rdi_rsp_0x0_1__SPLITPARAMS-5_1_10_2.s,115.0,199.0,58.0
keccakRound_translated/keccakRound_MACROPARAMS-rdi_rsp_0x0_1__SPLITPARAMS-5_1_10_3.s,114.0,199.0,58.0
keccakRound_translated/keccakRound_MACROPARAMS-rdi_rsp_0x0_1__SPLITPARAMS-6_1_12_1.s,108.0,199.0,58.0
keccakRound_translated/keccakRound_MACROPARAMS-rdi_rsp_0x0_1__SPLITPARAMS-6_1_12_2.s,118.0,199.0,58.0
keccakRound_translated/keccakRound_MACROPARAMS-rdi_rsp_0x0_1__SPLITPARAMS-6_1_12_3.s,108.0,199.0,58.0
keccakRound_translated/keccakRound_MACROPARAMS-rsp_rdi_0x0_0__SPLITPARAMS-3_1_12_1.s,114.0,212.0,58.0
keccakRound_translated/keccakRound_MACROPARAMS-rsp_rdi_0x0_0__SPLITPARAMS-3_1_6_1.s,108.0,212.0,58.0
keccakRound_translated/keccakRound_MACROPARAMS-rsp_rdi_0x0_0__SPLITPARAMS-3_1_6_2.s,120.0,212.0,58.0
keccakRound_translated/keccakRound_MACROPARAMS-rsp_rdi_0x0_0__SPLITPARAMS-4_1_16_1.s,133.0,212.0,58.0
keccakRound_translated/keccakRound_MACROPARAMS-rsp_rdi_0x0_0__SPLITPARAMS-4_1_8_1.s,109.0,212.0,58.0
keccakRound_translated/keccakRound_MACROPARAMS-rsp_rdi_0x0_0__SPLITPARAMS-4_1_8_2.s,115.0,212.0,58.0
keccakRound_translated/keccakRound_MACROPARAMS-rsp_rdi_0x0_0__SPLITPARAMS-5_1_10_1.s,114.0,212.0,58.0
keccakRound_translated/keccakRound_MACROPARAMS-rsp_rdi_0x0_0__SPLITPARAMS-5_1_10_2.s,117.0,212.0,58.0
keccakRound_translated/keccakRound_MACROPARAMS-rsp_rdi_0x0_0__SPLITPARAMS-5_1_10_3.s,117.0,212.0,58.0
keccakRound_translated/keccakRound_MACROPARAMS-rsp_rdi_0x0_0__SPLITPARAMS-6_1_12_1.s,118.0,212.0,58.0
keccakRound_translated/keccakRound_MACROPARAMS-rsp_rdi_0x0_0__SPLITPARAMS-6_1_12_2.s,114.0,212.0,58.0
keccakRound_translated/keccakRound_MACROPARAMS-rsp_rdi_0x0_0__SPLITPARAMS-6_1_12_3.s,115.0,212.0,58.0
keccakRound_translated/keccakRound_MACROPARAMS-rsp_rdi_0x0_1__SPLITPARAMS-3_1_12_1.s,115.0,199.0,58.0
keccakRound_translated/keccakRound_MACROPARAMS-rsp_rdi_0x0_1__SPLITPARAMS-3_1_6_1.s,116.0,199.0,58.0
keccakRound_translated/keccakRound_MACROPARAMS-rsp_rdi_0x0_1__SPLITPARAMS-3_1_6_2.s,121.0,199.0,58.0
keccakRound_translated/keccakRound_MACROPARAMS-rsp_rdi_0x0_1__SPLITPARAMS-4_1_16_1.s,114.0,199.0,58.0
keccakRound_translated/keccakRound_MACROPARAMS-rsp_rdi_0x0_1__SPLITPARAMS-4_1_8_1.s,126.0,199.0,58.0
keccakRound_translated/keccakRound_MACROPARAMS-rsp_rdi_0x0_1__SPLITPARAMS-4_1_8_2.s,109.0,199.0,58.0
keccakRound_translated/keccakRound_MACROPARAMS-rsp_rdi_0x0_1__SPLITPARAMS-5_1_10_1.s,109.0,199.0,58.0
keccakRound_translated/keccakRound_MACROPARAMS-rsp_rdi_0x0_1__SPLITPARAMS-5_1_10_2.s,113.0,199.0,58.0
keccakRound_translated/keccakRound_MACROPARAMS-rsp_rdi_0x0_1__SPLITPARAMS-5_1_10_3.s,114.0,199.0,58.0
keccakRound_translated/keccakRound_MACROPARAMS-rsp_rdi_0x0_1__SPLITPARAMS-6_1_12_1.s,113.0,199.0,58.0
keccakRound_translated/keccakRound_MACROPARAMS-rsp_rdi_0x0_1__SPLITPARAMS-6_1_12_2.s,111.0,199.0,58.0
keccakRound_translated/keccakRound_MACROPARAMS-rsp_rdi_0x0_1__SPLITPARAMS-6_1_12_3.s,116.0,199.0,58.0
name,cycles,insts,cacherefs
keccakRound_translated/keccakRound_MACROPARAMS-rdi_rsp_0x0_0__SPLITPARAMS-3_1_12_1.s,118.0,212.0,58.0
keccakRound_translated/keccakRound_MACROPARAMS-rdi_rsp_0x0_0__SPLITPARAMS-3_1_6_1.s,138.0,212.0,58.0
keccakRound_translated/keccakRound_MACROPARAMS-rdi_rsp_0x0_0__SPLITPARAMS-3_1_6_2.s,125.0,212.0,58.0
keccakRound_translated/keccakRound_MACROPARAMS-rdi_rsp_0x0_0__SPLITPARAMS-4_1_16_1.s,113.0,212.0,58.0
keccakRound_translated/keccakRound_MACROPARAMS-rdi_rsp_0x0_0__SPLITPARAMS-4_1_8_1.s,124.0,212.0,58.0
keccakRound_translated/keccakRound_MACROPARAMS-rdi_rsp_0x0_0__SPLITPARAMS-4_1_8_2.s,120.0,212.0,58.0
keccakRound_translated/keccakRound_MACROPARAMS-rdi_rsp_0x0_0__SPLITPARAMS-5_1_10_1.s,111.0,212.0,58.0
keccakRound_translated/keccakRound_MACROPARAMS-rdi_rsp_0x0_0__SPLITPARAMS-5_1_10_2.s,118.0,212.0,58.0
keccakRound_translated/keccakRound_MACROPARAMS-rdi_rsp_0x0_0__SPLITPARAMS-5_1_10_3.s,118.0,212.0,58.0
keccakRound_translated/keccakRound_MACROPARAMS-rdi_rsp_0x0_0__SPLITPARAMS-6_1_12_1.s,112.0,212.0,58.0
keccakRound_translated/keccakRound_MACROPARAMS-rdi_rsp_0x0_0__SPLITPARAMS-6_1_12_2.s,112.0,212.0,58.0
keccakRound_translated/keccakRound_MACROPARAMS-rdi_rsp_0x0_0__SPLITPARAMS-6_1_12_3.s,119.0,212.0,58.0
keccakRound_translated/keccakRound_MACROPARAMS-rdi_rsp_0x0_1__SPLITPARAMS-3_1_12_1.s,121.0,199.0,58.0
keccakRound_translated/keccakRound_MACROPARAMS-rdi_rsp_0x0_1__SPLITPARAMS-3_1_6_1.s,110.0,199.0,58.0
keccakRound_translated/keccakRound_MACROPARAMS-rdi_rsp_0x0_1__SPLITPARAMS-3_1_6_2.s,120.0,199.0,58.0
keccakRound_translated/keccakRound_MACROPARAMS-rdi_rsp_0x0_1__SPLITPARAMS-4_1_16_1.s,131.0,199.0,58.0
keccakRound_translated/keccakRound_MACROPARAMS-rdi_rsp_0x0_1__SPLITPARAMS-4_1_8_1.s,108.0,199.0,58.0
keccakRound_translated/keccakRound_MACROPARAMS-rdi_rsp_0x0_1__SPLITPARAMS-4_1_8_2.s,109.0,199.0,58.0
keccakRound_translated/keccakRound_MACROPARAMS-rdi_rsp_0x0_1__SPLITPARAMS-5_1_10_1.s,107.0,199.0,58.0
keccakRound_translated/keccakRound_MACROPARAMS-rdi_rsp_0x0_1__SPLITPARAMS-5_1_10_2.s,115.0,199.0,58.0
keccakRound_translated/keccakRound_MACROPARAMS-rdi_rsp_0x0_1__SPLITPARAMS-5_1_10_3.s,114.0,199.0,58.0
keccakRound_translated/keccakRound_MACROPARAMS-rdi_rsp_0x0_1__SPLITPARAMS-6_1_12_1.s,108.0,199.0,58.0
keccakRound_translated/keccakRound_MACROPARAMS-rdi_rsp_0x0_1__SPLITPARAMS-6_1_12_2.s,118.0,199.0,58.0
keccakRound_translated/keccakRound_MACROPARAMS-rdi_rsp_0x0_1__SPLITPARAMS-6_1_12_3.s,108.0,199.0,58.0
keccakRound_translated/keccakRound_MACROPARAMS-rsp_rdi_0x0_0__SPLITPARAMS-3_1_12_1.s,114.0,212.0,58.0
keccakRound_translated/keccakRound_MACROPARAMS-rsp_rdi_0x0_0__SPLITPARAMS-3_1_6_1.s,108.0,212.0,58.0
keccakRound_translated/keccakRound_MACROPARAMS-rsp_rdi_0x0_0__SPLITPARAMS-3_1_6_2.s,120.0,212.0,58.0
keccakRound_translated/keccakRound_MACROPARAMS-rsp_rdi_0x0_0__SPLITPARAMS-4_1_16_1.s,133.0,212.0,58.0
keccakRound_translated/keccakRound_MACROPARAMS-rsp_rdi_0x0_0__SPLITPARAMS-4_1_8_1.s,109.0,212.0,58.0
keccakRound_translated/keccakRound_MACROPARAMS-rsp_rdi_0x0_0__SPLITPARAMS-4_1_8_2.s,115.0,212.0,58.0
keccakRound_translated/keccakRound_MACROPARAMS-rsp_rdi_0x0_0__SPLITPARAMS-5_1_10_1.s,114.0,212.0,58.0
keccakRound_translated/keccakRound_MACROPARAMS-rsp_rdi_0x0_0__SPLITPARAMS-5_1_10_2.s,117.0,212.0,58.0
keccakRound_translated/keccakRound_MACROPARAMS-rsp_rdi_0x0_0__SPLITPARAMS-5_1_10_3.s,117.0,212.0,58.0
keccakRound_translated/keccakRound_MACROPARAMS-rsp_rdi_0x0_0__SPLITPARAMS-6_1_12_1.s,118.0,212.0,58.0
keccakRound_translated/keccakRound_MACROPARAMS-rsp_rdi_0x0_0__SPLITPARAMS-6_1_12_2.s,114.0,212.0,58.0
keccakRound_translated/keccakRound_MACROPARAMS-rsp_rdi_0x0_0__SPLITPARAMS-6_1_12_3.s,115.0,212.0,58.0
keccakRound_translated/keccakRound_MACROPARAMS-rsp_rdi_0x0_1__SPLITPARAMS-3_1_12_1.s,115.0,199.0,58.0
keccakRound_translated/keccakRound_MACROPARAMS-rsp_rdi_0x0_1__SPLITPARAMS-3_1_6_1.s,116.0,199.0,58.0
keccakRound_translated/keccakRound_MACROPARAMS-rsp_rdi_0x0_1__SPLITPARAMS-3_1_6_2.s,121.0,199.0,58.0
keccakRound_translated/keccakRound_MACROPARAMS-rsp_rdi_0x0_1__SPLITPARAMS-4_1_16_1.s,114.0,199.0,58.0
keccakRound_translated/keccakRound_MACROPARAMS-rsp_rdi_0x0_1__SPLITPARAMS-4_1_8_1.s,126.0,199.0,58.0
keccakRound_translated/keccakRound_MACROPARAMS-rsp_rdi_0x0_1__SPLITPARAMS-4_1_8_2.s,109.0,199.0,58.0
keccakRound_translated/keccakRound_MACROPARAMS-rsp_rdi_0x0_1__SPLITPARAMS-5_1_10_1.s,109.0,199.0,58.0
keccakRound_translated/keccakRound_MACROPARAMS-rsp_rdi_0x0_1__SPLITPARAMS-5_1_10_2.s,113.0,199.0,58.0
keccakRound_translated/keccakRound_MACROPARAMS-rsp_rdi_0x0_1__SPLITPARAMS-5_1_10_3.s,114.0,199.0,58.0
keccakRound_translated/keccakRound_MACROPARAMS-rsp_rdi_0x0_1__SPLITPARAMS-6_1_12_1.s,113.0,199.0,58.0
keccakRound_translated/keccakRound_MACROPARAMS-rsp_rdi_0x0_1__SPLITPARAMS-6_1_12_2.s,111.0,199.0,58.0
keccakRound_translated/keccakRound_MACROPARAMS-rsp_rdi_0x0_1__SPLITPARAMS-6_1_12_3.s,116.0,199.0,58.0
keccakRound_translated_originals/ORIG_keccakRound_MACROPARAMS-rdi_rsp_0x0_0.s,154.0,212.0,58.0
keccakRound_translated_originals/ORIG_keccakRound_MACROPARAMS-rdi_rsp_0x0_1.s,136.0,186.0,52.0
keccakRound_translated_originals/ORIG_keccakRound_MACROPARAMS-rsp_rdi_0x0_0.s,154.0,212.0,58.0
keccakRound_translated_originals/ORIG_keccakRound_MACROPARAMS-rsp_rdi_0x0_1.s,136.0,186.0,52.0
